0,0,0x00000000,0,0x00000000
10,1,0x00000000,0,0x00000000
20,2,0x00000000,0,0x00000000
30,3,0x00000000,0,0x00000000
40,4,0x00000000,0,0x00000000
50,1,0x00007984,0,0xBD09F3E8
60,1,0x0000459C,0,0xD0AEC442
70,4,0x000044E4,0,0x19A1EA1E
80,4,0x00005FD8,0,0x57034233
90,1,0x00001F4C,0,0xB16208FC
100,4,0x000018EC,0,0x12D53D55
110,3,0x00006DFC,0,0x9A416F5F
120,4,0x0000229C,0,0xFF355AC3
130,1,0x0000432C,0,0x69BD1B52
140,1,0x0000298C,0,0x9812D07A
150,2,0x00003344,0,0x4CF0F14D
160,0,0x00002594,0,0x947E910B
170,2,0x000050DC,0,0xAF19B1A9
180,4,0x000072DC,0,0x67C04C6C
190,2,0x00001C78,0,0xD3AB56C9
200,1,0x00004814,0,0x0FA9E414
210,0,0x00002988,0,0x44D6D3D6
220,3,0x000016CC,0,0x3D282319
230,3,0x000026E8,0,0xC11E7AAF
240,1,0x000024F8,0,0x98C3D121
250,4,0x0000764C,0,0xB4DDCC4C
260,4,0x00004078,0,0x03A141A7
270,4,0x00003888,0,0xA1995BDF
280,1,0x00007D4C,0,0xA7079F6A
290,1,0x00004AFC,0,0xA7FF0822
300,4,0x00003A28,0,0xC00FB230
310,0,0x00007AD4,0,0xAB2CF400
320,0,0x00002B78,0,0x63541DCE
330,0,0x0000134C,0,0xC5BF57C6
340,0,0x000063F8,0,0x05FF5FCE
350,1,0x00005478,0,0xDADB7178
360,4,0x0000008C,0,0x0E0E9A8F
370,1,0x00001BE4,0,0xD2EDB3A0
380,3,0x00002744,0,0xD5B5829D
390,1,0x00005454,0,0xAEB1EC4A
400,1,0x00006C18,0,0x365FB0B8
410,1,0x00007A58,0,0xD6099777
420,2,0x00007674,0,0xB3D330A0
430,3,0x00003F28,0,0xBA73607A
440,1,0x00001178,0,0x9055250E
450,1,0x00006DB4,0,0x55DFCC3C
460,3,0x00004B64,0,0x0A78A220
470,3,0x00005184,0,0xD07BDBAC
480,3,0x000053E4,0,0xFBE3E6FD
490,3,0x0000799C,0,0x458C9BE9
500,4,0x00006EC4,0,0x291AC946
510,2,0x00003564,0,0x9F062B37
520,2,0x00006D18,0,0x746D6F8C
530,0,0x00006414,0,0x705F5A8E
540,2,0x00004A0C,0,0xA9EED7F7
550,1,0x0000743C,0,0x5F64EE5C
560,1,0x0000044C,0,0xDA327A16
570,3,0x0000040C,0,0x4B9E2D6A
580,2,0x00006108,0,0xED723021
590,1,0x000061C4,0,0xD5DCD295
600,1,0x00001FB8,0,0x8DDEF2B5
610,3,0x00005474,0,0x486205D8
620,1,0x00006534,0,0x7330A11E
630,3,0x0000343C,0,0xDEBF8115
640,3,0x0000400C,0,0x63EEF401
650,0,0x00000414,0,0xD4BD4031
660,3,0x00004374,0,0xC9E91D24
670,1,0x00001ACC,0,0x19632C86
680,0,0x00004008,0,0xCD4018B9
690,1,0x00001054,0,0x1BE2B5E0
700,4,0x000016CC,0,0xE7EC8FC7
710,4,0x00006DB8,0,0x7EBE34AE
720,1,0x00005DFC,0,0xBF417664
730,0,0x00002E98,0,0x41BCEEDD
740,4,0x00004D8C,0,0xA2EAA86F
750,3,0x00006F74,0,0x1394351A
760,2,0x00006FE8,0,0x515090B4
770,0,0x00001B6C,0,0x6F067714
780,0,0x000038BC,0,0x8B194863
790,2,0x00006AA4,0,0x8D7F3A51
800,3,0x000002D8,0,0xCC9513DA
810,4,0x00001E34,0,0xF84525C9
820,0,0x00001904,0,0xB82C479E
830,2,0x00002214,0,0xE6F8992B
840,0,0x00000DE4,0,0xC375BF0B
850,1,0x00000F98,0,0xAB0B521B
860,0,0x00007AD4,0,0x0F3952C3
870,0,0x00002928,0,0xE0BCCC3A
880,3,0x000062BC,0,0x8CA58F2E
890,4,0x000077D4,0,0xE884727E
900,0,0x0000124C,0,0xC7D87FF9
910,0,0x00006ED4,0,0x13B6BECA
920,1,0x0000074C,0,0x00C183D1
930,1,0x00002B18,0,0x6E2426F3
940,0,0x000013C8,0,0xBEED7D54
950,2,0x00002428,0,0x1F6057EC
960,0,0x00006CCC,0,0x66848D0D
970,0,0x00007E1C,0,0x9B37528D
980,1,0x000059AC,0,0xFF1E87FE
990,0,0x00007C24,0,0x5BF98CF9
1000,3,0x00002C5C,0,0x0A979A1B
1010,4,0x00005604,0,0x545B14A1
1020,1,0x00000B2C,0,0x92634521
1030,4,0x000017BC,0,0x5E509D75
1040,3,0x000070C8,0,0x00B0D742
1050,1,0x00000CD4,0,0x8F25E332
1060,0,0x000022CC,0,0x510E4B13
1070,2,0x00004F88,0,0x954287B1
1080,0,0x000001D8,0,0x8C94734D
1090,3,0x00001638,0,0x321EBA49
1100,0,0x000047C4,0,0x7A252956
1110,3,0x0000616C,0,0xE3FC2F35
1120,1,0x000054D8,0,0x9DBD0F14
1130,0,0x00004978,0,0x8805984F
1140,0,0x00001268,0,0x3989DF3D
1150,0,0x00005884,0,0x4D7E28ED
1160,0,0x00003E5C,0,0x63900CC0
1170,3,0x00002ED8,0,0x1B0BB3A8
1180,2,0x00006B28,0,0x38518139
1190,0,0x00000BB4,0,0xD9A85719
1200,4,0x00000A1C,0,0x784B7D26
1210,1,0x00003A74,0,0x57FD7505
1220,4,0x000079D4,0,0xD40A3ACB
1230,1,0x00007538,0,0xA2C2E876
1240,3,0x000042C4,0,0x063E09D6
1250,1,0x0000355C,0,0x8F22680E
1260,3,0x00002AC8,0,0xB616D039
1270,1,0x0000693C,0,0x35F401F8
1280,0,0x000020BC,0,0xD8B9D5CF
1290,4,0x000054EC,0,0x19DE0381
1300,1,0x00006F3C,0,0xF38F75D7
1310,4,0x000001F8,0,0xB8A3BD3D
1320,3,0x000013B8,0,0xC32A3627
1330,4,0x00000A9C,0,0x25A51D37
1340,2,0x000074A4,0,0x5391320C
1350,2,0x00002D28,0,0xFCBC98A2
1360,4,0x000042F8,0,0x7B160C5C
1370,0,0x000024F8,0,0xC94C5C8C
1380,3,0x000024BC,0,0xA994427B
1390,4,0x000007B8,0,0x6A0CEB7A
1400,2,0x000034D8,0,0x443962FC
1410,4,0x00002534,0,0x089C0024
1420,2,0x000045CC,0,0xDEE64E44
1430,2,0x00005A6C,0,0xBC79680F
1440,0,0x0000349C,0,0x31D0D2B2
1450,4,0x0000705C,0,0x298F1505
1460,0,0x000016E8,0,0xD3D77A3F
1470,0,0x00002304,0,0x2D4F8DED
1480,0,0x0000480C,0,0x48E16164
1490,1,0x00005228,0,0x26553B62
1500,0,0x00004904,0,0xAAF3A845
1510,4,0x000053C8,0,0xEC698F84
1520,0,0x00007178,0,0xF009ABA7
1530,0,0x000072BC,0,0xA69CC142
1540,1,0x00000FBC,0,0xDE0CD9A4
1550,2,0x00002194,0,0xF4F28124
1560,4,0x00000BA8,0,0xF600C32F
1570,2,0x0000603C,0,0xA70B2E7F
1580,4,0x00007D08,0,0x55BF8262
1590,0,0x00003FB4,0,0x1FA20626
1600,0,0x00007DDC,0,0x3BD82EDF
1610,1,0x000034E8,0,0x2587CA0B
1620,1,0x00000C94,0,0xA421C1DD
1630,3,0x00002CA8,0,0x0A849A49
1640,1,0x00007404,0,0xE0DA9123
1650,3,0x0000416C,0,0x5DE74068
1660,2,0x00006ECC,0,0x9BB4010A
1670,3,0x000073EC,0,0x7618B878
1680,1,0x00006178,0,0x2444EEF9
1690,4,0x00007ACC,0,0x775872F1
1700,2,0x00006EA4,0,0xBAF21AD5
1710,2,0x00007004,0,0xE2987C5A
1720,4,0x00001564,0,0x438C16C6
1730,2,0x00002638,0,0x03594CD3
1740,4,0x000043F4,0,0xEC3A09CF
1750,1,0x000024FC,0,0x0176CC68
1760,0,0x000049E8,0,0x1F5FB526
1770,3,0x000014DC,0,0xCC9F67FA
1780,4,0x0000728C,0,0xAC4593FC
1790,1,0x00001D68,0,0x8E05C53B
1800,2,0x00000E94,0,0x860841AF
1810,1,0x000004D8,0,0x052639D4
1820,1,0x00003404,0,0x1C97C33E
1830,1,0x00001838,0,0x18DBD517
1840,2,0x00007304,0,0x1D252448
1850,2,0x00006A98,0,0x929DF59E
1860,0,0x000001DC,0,0x0159DB96
1870,0,0x00005ADC,0,0xE9325766
1880,3,0x00003D3C,0,0x3ABB3455
1890,1,0x000032E8,0,0x03B820C2
1900,1,0x00004248,0,0x40027C0B
1910,2,0x0000106C,0,0xFDF1C9D0
1920,0,0x0000332C,0,0xAE35A759
1930,1,0x00001594,0,0x263BD5CD
1940,0,0x00001A1C,0,0xAB61450F
1950,0,0x00006494,0,0xDBEE371F
1960,0,0x00002DDC,0,0x0A389F27
1970,2,0x000067FC,0,0x272FB5F4
1980,2,0x000071C8,0,0xC38B522E
1990,0,0x000008A8,0,0xB6F97C81
2000,4,0x00001948,0,0x24C05CA6
2010,0,0x00000A74,0,0x0835A9FC
2020,1,0x000003E8,0,0x452E762C
2030,4,0x00007FCC,0,0x4BC88802
2040,3,0x000030FC,0,0xD7E81156
2050,1,0x00002568,0,0x7F92C345
2060,3,0x000003B8,0,0x2032CC46
2070,3,0x00006F94,0,0xA71F3E4B
2080,3,0x0000589C,0,0x726D43F1
2090,1,0x0000052C,0,0x0A5DB6CA
2100,0,0x00007DA4,0,0x336FE827
2110,2,0x0000120C,0,0x277C04E6
2120,1,0x00004938,0,0x64B1D942
2130,4,0x00001124,0,0x8767005B
2140,3,0x00004CE4,0,0xD4B3635E
2150,3,0x00004CB4,0,0x2BA30B30
2160,3,0x000053BC,0,0xD09398E7
2170,0,0x000002FC,0,0x141C6EC3
2180,4,0x0000619C,0,0xBE83976A
2190,1,0x00006288,0,0x4B17D9CE
2200,2,0x0000350C,0,0xEA534817
2210,0,0x00006DE8,0,0xDCE06175
2220,4,0x0000337C,0,0x31A3C468
2230,3,0x00002E3C,0,0xFCB48290
2240,2,0x00003994,0,0x016BED2E
2250,0,0x00000BA4,0,0x84134F32
2260,3,0x00007EB8,0,0x977446A9
2270,2,0x00005AE8,0,0xCBCC2263
2280,3,0x00003898,0,0x06A1E05A
2290,3,0x00004D9C,0,0xA4D53762
2300,0,0x00000CC8,0,0x74DCA976
2310,4,0x0000081C,0,0x5634A629
2320,4,0x00006FA4,0,0xFD73E6CB
2330,0,0x000029AC,0,0xF7F4EE8E
2340,4,0x0000412C,0,0xE606D86C
2350,0,0x00007D94,0,0x90882B5A
2360,1,0x0000003C,0,0xF18F943A
2370,0,0x00000CAC,0,0x08969C7B
2380,0,0x00006108,0,0x1618EBD4
2390,4,0x00005C9C,0,0x2D855C70
2400,2,0x000060D4,0,0xB8863DF6
2410,3,0x0000742C,0,0x05275194
2420,2,0x00001794,0,0x283F57E9
2430,0,0x000079D8,0,0x91F1144D
2440,4,0x000051CC,0,0xC65ADC2F
2450,1,0x0000417C,0,0xCFBB850F
2460,4,0x0000755C,0,0x92D7F406
2470,1,0x00002208,0,0x0C32E016
2480,1,0x000068C4,0,0x6FF92720
2490,1,0x000041C4,0,0x8AE7C972
2500,2,0x00006608,0,0x6255B84C
2510,1,0x00007F5C,0,0x81689607
2520,4,0x0000001C,0,0xDD65BC86
2530,0,0x00002B98,0,0xF2339ED1
2540,3,0x00003634,0,0x76D1EC72
2550,3,0x00004084,0,0x0F409E31
2560,3,0x00005844,0,0xA605BCAD
2570,1,0x00002DD4,0,0xB7DBB68E
2580,4,0x00004418,0,0x16996986
2590,0,0x0000314C,0,0x2A529127
2600,0,0x00005668,0,0xFB62EC15
2610,2,0x00004518,0,0xBFA80BF1
2620,2,0x00002D24,0,0xF7445435
2630,3,0x0000578C,0,0xCCFD02A2
2640,3,0x00003F48,0,0x46F29B74
2650,3,0x000009E8,0,0xE3DB35BD
2660,2,0x00004F8C,0,0x8BDF30B2
2670,4,0x00003494,0,0xBF88D9D3
2680,0,0x0000036C,0,0x90937A1C
2690,1,0x000073AC,0,0x78F37B93
2700,3,0x00007B28,0,0x0CFA8399
2710,3,0x00002B88,0,0xDA898156
2720,4,0x0000286C,0,0x1CF5A35D
2730,3,0x00001F14,0,0x9E4B7E06
2740,2,0x00006CCC,0,0xB40DFC5B
2750,4,0x000012F4,0,0xFB983689
2760,3,0x000034B4,0,0xAEB75E4D
2770,4,0x00001424,0,0x602ED4C1
2780,0,0x00002ED4,0,0x46377D65
2790,0,0x00003548,0,0xA739C35E
2800,4,0x000035BC,0,0xC5551DAA
2810,3,0x000073FC,0,0x74FA28B7
2820,2,0x00000B78,0,0x35CAFA5C
2830,1,0x00001228,0,0xA3F61DA9
2840,3,0x00001704,0,0xE735D1BD
2850,2,0x00004668,0,0x56D6C9A5
2860,4,0x00007264,0,0x78712FD4
2870,0,0x00005908,0,0x1CCFB50F
2880,4,0x000066E4,0,0x85DF35D1
2890,2,0x00004F44,0,0x2A61F7CD
2900,4,0x00003BF8,0,0xC1D3F1F0
2910,1,0x0000196C,0,0xC7C9657F
2920,0,0x00001628,0,0x06D7C03E
2930,1,0x000071C4,0,0x13B2452E
2940,3,0x0000727C,0,0x3AC363A2
2950,0,0x00002B08,0,0x63A2EACE
2960,1,0x00003528,0,0x1B83A268
2970,4,0x00006F6C,0,0x280A5E03
2980,4,0x0000044C,0,0x5422A0DD
2990,1,0x0000680C,0,0x82E1BF92
3000,0,0x00003B84,0,0x6389F66F
3010,0,0x000019A4,0,0x22449142
3020,2,0x00002FE4,0,0x9278CF76
3030,3,0x00006908,0,0x25BF5B65
3040,1,0x00006088,0,0x253C0F71
3050,2,0x00007E2C,0,0x1D208858
3060,3,0x00007CB4,0,0x842D7CCB
3070,3,0x0000301C,0,0xC31E57D4
3080,4,0x000043DC,0,0x83FA4B8B
3090,1,0x000069D8,0,0xC3287F37
3100,4,0x000065F8,0,0xDC1893BB
3110,0,0x000003DC,0,0x3F0106B1
3120,3,0x000069DC,0,0xABB73C2B
3130,0,0x00002824,0,0x430EFBAB
3140,0,0x00002218,0,0x12E10BAA
3150,1,0x00007B2C,0,0x9D109ADA
3160,4,0x00004984,0,0x5747DF56
3170,1,0x00003428,0,0xA2CE52E3
3180,4,0x000053E4,0,0x96783F31
3190,0,0x000021DC,0,0xCBF8E885
3200,0,0x00003C8C,0,0x0DD028A8
3210,1,0x00005188,0,0xE0FED77D
3220,0,0x00007F2C,0,0x4CC20172
3230,4,0x00005764,0,0x57E2D234
3240,4,0x000001A4,0,0xA66CD55C
3250,3,0x00003E8C,0,0x88FDA612
3260,0,0x0000380C,0,0x2869C0E0
3270,1,0x00002688,0,0x8A4E4C81
3280,1,0x00004B64,0,0x39C3A4F9
3290,1,0x00000864,0,0x1E2DDD97
3300,4,0x00004128,0,0x1B61CADD
3310,4,0x00005B78,0,0x4D88738F
3320,0,0x00007068,0,0xE1F40026
3330,0,0x0000020C,0,0x682BF64F
3340,3,0x000059C4,0,0xEC3F6BC3
3350,1,0x00007B8C,0,0x4FD1157F
3360,0,0x00003784,0,0x68A6CA81
3370,1,0x00004DFC,0,0x339175AE
3380,2,0x00000EAC,0,0xD1EC9399
3390,0,0x00005DCC,0,0x25441F85
3400,3,0x00002B34,0,0xFDF8B8C5
3410,3,0x0000554C,0,0x9946F6F0
3420,2,0x00003204,0,0x7E359F7A
3430,4,0x00005E5C,0,0x16C290CF
3440,1,0x00001B48,0,0x3EC0E23F
3450,0,0x000043CC,0,0xD7E71C68
3460,3,0x0000543C,0,0xC726ECB9
3470,4,0x00004BF4,0,0x1883C642
3480,2,0x00003A18,0,0x4797EAEB
3490,3,0x00003FF8,0,0xF21EDB38
3500,2,0x00000D7C,0,0xE4E94226
3510,0,0x000023FC,0,0xAE3917B9
3520,2,0x0000479C,0,0x44932B91
3530,3,0x0000485C,0,0xB6115817
3540,4,0x0000391C,0,0xED5D0603
3550,0,0x00003788,0,0x1AAF0E3C
3560,1,0x00000604,0,0x7B4C217C
3570,2,0x00000664,0,0x3F15AD7D
3580,2,0x00007384,0,0x6AF60D7A
3590,3,0x000047F4,0,0xB9D0F04A
3600,3,0x00006B8C,0,0xAABC7B33
3610,1,0x00003A24,0,0x3F956D85
3620,4,0x0000494C,0,0xF5CFCC4C
3630,3,0x000073B4,0,0x3C4FB60A
3640,0,0x00001A3C,0,0x437B3619
3650,2,0x00003FB8,0,0xA8684982
3660,4,0x00006DCC,0,0x3631F69F
3670,1,0x00005EB8,0,0xAF5D8BD7
3680,2,0x00001418,0,0xE6702ABF
3690,3,0x00000DBC,0,0xA7736EFC
3700,4,0x000069C4,0,0xAF290444
3710,1,0x00006ADC,0,0xE8D7C400
3720,0,0x000010EC,0,0xE4868E93
3730,1,0x00001584,0,0x0735CC24
3740,4,0x00002D3C,0,0x6F2F2471
3750,0,0x0000359C,0,0x72C6D7A7
3760,2,0x00005398,0,0x0F7FB0CC
3770,2,0x00005948,0,0x23816D40
3780,1,0x00004E68,0,0x537E3225
3790,4,0x000051E4,0,0xEA100430
3800,0,0x000064B4,0,0x80CD8B86
3810,1,0x00001648,0,0x985075D2
3820,3,0x00007988,0,0xF50BA050
3830,3,0x00000BDC,0,0x032369F9
3840,4,0x00003F54,0,0x6A14DA03
3850,2,0x00001684,0,0x4E7083C4
3860,4,0x000052FC,0,0xD9C2A4A1
3870,4,0x0000487C,0,0x55E5DE83
3880,2,0x00005404,0,0xC6EC507F
3890,4,0x000024A4,0,0x1CC8821A
3900,2,0x00001778,0,0x9F480E76
3910,2,0x00006344,0,0x8718E26A
3920,1,0x00007894,0,0xB703ABB8
3930,3,0x00003648,0,0x867ECC2D
3940,4,0x00005194,0,0x29385796
3950,0,0x00001E54,0,0x060F6DFF
3960,3,0x0000564C,0,0xBD541B84
3970,2,0x00002C34,0,0x988D2218
3980,1,0x00006384,0,0xC7205C7A
3990,4,0x00005D24,0,0x62D004B3
4000,4,0x00002B0C,0,0xE84B364A
4010,1,0x000063BC,0,0xE8F2EA3B
4020,0,0x00003A7C,0,0xB3AE3106
4030,0,0x00006074,0,0x6BBF2320
4040,3,0x0000528C,0,0x3F90F747
4050,2,0x00006F4C,0,0xEFD565CB
4060,0,0x000011FC,0,0xEE7CE611
4070,1,0x000007A8,0,0x17C5A47F
4080,3,0x0000183C,0,0x754F0102
4090,0,0x00004DCC,0,0xB25C0461
4100,3,0x000021BC,0,0x97CC3C06
4110,3,0x000053C4,0,0x4C9599F4
4120,3,0x00006078,0,0x6133990C
4130,4,0x00004E14,0,0x226A4650
4140,1,0x0000135C,0,0xEDB1854A
4150,2,0x00007B5C,0,0x5360FDBF
4160,0,0x00002984,0,0x0936606F
4170,1,0x00000EC8,0,0xA8045851
4180,4,0x000049A4,0,0x1BEBD6B8
4190,3,0x0000184C,0,0x098DABE6
4200,1,0x000047C8,0,0xB74ED07B
4210,1,0x000023B4,0,0x9AE8764D
4220,0,0x00004174,0,0x4EDC31F4
4230,1,0x00000624,0,0x5B9A4CB0
4240,3,0x00005F98,0,0x2CD6DCFC
4250,4,0x000065F8,0,0x0B22B3CC
4260,3,0x00007F8C,0,0xCC06EAAB
4270,0,0x00001108,0,0x9E5BCC56
4280,4,0x00004D28,0,0x908023C5
4290,2,0x00002D4C,0,0xA2C0FF89
4300,4,0x00002414,0,0x7619B8EB
4310,1,0x00004D68,0,0x5E5F3F27
4320,3,0x00000F24,0,0xF15D99E2
4330,0,0x000050C4,0,0x3206824D
4340,2,0x00006348,0,0x6B0F5CA5
4350,0,0x000050B4,0,0x418AE6AF
4360,3,0x000029AC,0,0xF7DE02DB
4370,0,0x0000399C,0,0x25A80B7F
4380,2,0x00004C9C,0,0x3BF48871
4390,3,0x00003B38,0,0x9AAD779C
4400,4,0x00006E54,0,0x781AEB2A
4410,3,0x000036C4,0,0xAC185C41
4420,3,0x000004D4,0,0xAF999512
4430,0,0x00005748,0,0xCE37659D
4440,3,0x0000631C,0,0x026E988F
4450,2,0x000042BC,0,0x5A05B411
4460,2,0x00003038,0,0xE0093048
4470,3,0x00001968,0,0x55793EA1
4480,2,0x00000C34,0,0x32C98D0D
4490,1,0x00001FF8,0,0x8FC5A11B
4500,4,0x00001FCC,0,0xC4AB8DCE
4510,1,0x000060B8,0,0x8FB3E9BC
4520,0,0x00002AF8,0,0xDFE8E177
4530,0,0x00000528,0,0xB6C2C91B
4540,4,0x000077C4,0,0xAAB26031
4550,2,0x000074B4,0,0xB98EA95C
4560,0,0x00002AE8,0,0xFB233BB2
4570,0,0x000079E8,0,0xCAD62122
4580,0,0x00000E5C,0,0x783CFCC7
4590,4,0x0000107C,0,0x14194F97
4600,1,0x0000056C,0,0x59F3EA51
4610,4,0x00001C74,0,0xBE2E1453
4620,4,0x00006298,0,0x032F6452
4630,0,0x00001CD8,0,0x25B66324
4640,0,0x0000438C,0,0xA0A1B09D
4650,0,0x0000776C,0,0xEAF7905B
4660,4,0x00002488,0,0x17547E9C
4670,3,0x00007278,0,0x78E2E52A
4680,4,0x00001BBC,0,0xCD1B5E74
4690,0,0x00005F1C,0,0x22912480
4700,4,0x00001698,0,0x88E347F5
4710,1,0x00001C3C,0,0x0FB54183
4720,2,0x000041C4,0,0xD1097A02
4730,0,0x00002888,0,0xBC93756D
4740,1,0x0000766C,0,0xA99E6DC0
4750,1,0x0000554C,0,0xC00D7A1F
4760,2,0x00006854,0,0xB90E0563
4770,3,0x00006CE8,0,0xE423EAC0
4780,0,0x00002028,0,0xD102CD9D
4790,0,0x0000543C,0,0x95ACA144
4800,4,0x00007368,0,0xD825AD13
4810,2,0x000060E4,0,0x032E2A93
4820,3,0x00000CC8,0,0x3C58F35D
4830,2,0x00002B6C,0,0xCE1CF494
4840,2,0x00000438,0,0x72B9BE99
4850,2,0x000017F4,0,0xE732ED6A
4860,4,0x0000648C,0,0xCB393BF0
4870,0,0x00004DA4,0,0x7B85F7D7
4880,4,0x00000888,0,0x4A3CC36D
4890,3,0x000070A8,0,0xEB9440C8
4900,0,0x0000771C,0,0x9FC814D1
4910,2,0x00004E0C,0,0xB724B7B6
4920,0,0x00006C7C,0,0xB2E93E57
4930,2,0x00007608,0,0x9637504C
4940,3,0x00000A3C,0,0xA914BD09
4950,4,0x000044FC,0,0x08735BF3
4960,4,0x000044B8,0,0x42AE1C62
4970,1,0x00007A08,0,0xB2C74BA4
4980,3,0x000017F4,0,0x699331E7
4990,0,0x00002AB8,0,0x8D0B3156
5000,0,0x00001D9C,0,0x9C7627CA
5010,1,0x00006AB4,0,0xB26B766F
5020,4,0x000073AC,0,0x3B8EBECB
5030,3,0x00002414,0,0x245ABD28
5040,0,0x00004308,0,0xC97B069C
5050,3,0x00006B3C,0,0x73F375B6
5060,3,0x00006F8C,0,0x799FF98D
5070,3,0x00001C68,0,0x158D4E4A
5080,0,0x000025C8,0,0xC0D74510
5090,0,0x000019D4,0,0x7E4139E9
5100,4,0x00007AA8,0,0x369F6711
5110,4,0x00003748,0,0xD9AFD06D
5120,4,0x000035C4,0,0xB32A6C64
5130,3,0x00000004,0,0x9DD7560C
5140,2,0x00005838,0,0x16A7AB55
5150,1,0x00003B28,0,0xC53B237B
5160,2,0x000067DC,0,0xE9C41C67
5170,3,0x00007E24,0,0x2BF113EA
5180,0,0x000041D4,0,0xFF037A23
5190,2,0x0000335C,0,0xDC0980E9
5200,1,0x00000884,0,0x7D8F1A45
5210,0,0x000037E8,0,0x0305848C
5220,3,0x00004FA4,0,0xEA4B3B5C
5230,4,0x00005264,0,0x209B7D00
5240,2,0x00006D38,0,0x53CE92DC
5250,1,0x00000088,0,0x3234C1B1
5260,1,0x00000264,0,0xF8558702
5270,1,0x00004D78,0,0xDF29EC16
5280,2,0x00003D1C,0,0xFEB98561
5290,0,0x0000406C,0,0x8DFB3C0C
5300,4,0x00000378,0,0x094937B8
5310,0,0x00006E6C,0,0x1E6A8636
5320,2,0x00003DAC,0,0x05574854
5330,4,0x000012B4,0,0xFEB8BDE4
5340,3,0x0000146C,0,0x00ED89DF
5350,3,0x00004B44,0,0x8A0D8A41
5360,0,0x000019E4,0,0x2EA471EF
5370,0,0x000035A8,0,0xCF08D7FA
5380,0,0x00001074,0,0xCC21B01B
5390,1,0x00003D7C,0,0x9403F134
5400,3,0x000024CC,0,0xAC73D933
5410,3,0x00005778,0,0xE6AA2FBD
5420,0,0x000077C4,0,0xBA50F66B
5430,1,0x00002E9C,0,0xC02A22E9
5440,0,0x0000747C,0,0xDCBB1B67
5450,2,0x000031A4,0,0xC2F7CB25
5460,2,0x000043A4,0,0x145F4304
5470,2,0x00005528,0,0xBB81D774
5480,1,0x00006288,0,0x8DEAA15A
5490,2,0x000048B8,0,0x723F3FEE
5500,0,0x000034C4,0,0xED3F137A
5510,3,0x00002624,0,0x646A7C0E
5520,0,0x00003AC4,0,0xE95AB174
5530,3,0x00004958,0,0x5A4492CC
5540,3,0x000067C4,0,0xC2655F77
5550,1,0x00003E44,0,0x2B9EDD28
5560,3,0x00005CAC,0,0xA95071BF
5570,2,0x00000778,0,0x227832D4
5580,3,0x00006AB8,0,0xDC03A876
5590,2,0x00004598,0,0x8B5AE4CE
5600,3,0x00004088,0,0x34C2C64D
5610,1,0x00005A38,0,0xABDFB5BB
5620,4,0x00004B6C,0,0xC153273F
5630,4,0x00001854,0,0xE2AC38B5
5640,2,0x00003894,0,0x7B41E3D5
5650,1,0x00007EFC,0,0xBF0760F5
5660,2,0x000058F8,0,0xD0E6B69F
5670,4,0x00004B24,0,0x41E008A7
5680,2,0x00001968,0,0x3FD3FB36
5690,0,0x000062B8,0,0x050C03DB
5700,2,0x00003EF4,0,0xD67C4B0C
5710,2,0x00003414,0,0x86170B0B
5720,2,0x00002A64,0,0xF00AC828
5730,1,0x00007F8C,0,0x124DA408
5740,3,0x00006C1C,0,0x8343A933
5750,2,0x0000783C,0,0x72CE5ADA
5760,3,0x00005C9C,0,0xC3FF9781
5770,0,0x00000F94,0,0x801BEB4F
5780,0,0x00007AD4,0,0x1FFC80CA
5790,1,0x00002C2C,0,0x62544728
5800,2,0x0000718C,0,0xD6048AAE
5810,0,0x00005BF4,0,0xEAF600C0
5820,4,0x00003CE4,0,0x1D754880
5830,3,0x0000157C,0,0x30C6C500
5840,0,0x000049A4,0,0x28E101F1
5850,4,0x000045EC,0,0x9551EEC3
5860,1,0x00002998,0,0x680D094D
5870,0,0x00007348,0,0x97FD1322
5880,3,0x0000619C,0,0xC84ED4A6
5890,3,0x0000293C,0,0x72BA8654
5900,1,0x00005828,0,0x3D7E8E15
5910,2,0x00001738,0,0x3B2057AC
5920,2,0x00005464,0,0xA2929A50
5930,4,0x00005114,0,0x95209D6E
5940,3,0x000035EC,0,0x3530C56B
5950,1,0x000043BC,0,0xB48F9D42
5960,1,0x00004F14,0,0xA2B7A993
5970,1,0x00001EAC,0,0xB282C004
5980,0,0x0000735C,0,0x0F0ABE94
5990,4,0x00004374,0,0xC25E4F4A
6000,0,0x000061A4,0,0x015E48BE
6010,0,0x00000A78,0,0xEC902B7A
6020,3,0x00005EEC,0,0x8BC59899
6030,3,0x000012E8,0,0x5B98E061
6040,0,0x00003FB8,0,0xD55CADB6
6050,0,0x00003244,0,0x88C9FED8
6060,4,0x000041F8,0,0x79D2427C
6070,4,0x000048E4,0,0x651EF65F
6080,2,0x00001B48,0,0xCFE11DFC
6090,4,0x000057EC,0,0x5A10E7D0
6100,0,0x00005D44,0,0x75F079EC
6110,2,0x000035FC,0,0xF4C16574
6120,2,0x00002E8C,0,0x2E656A25
6130,3,0x00004F5C,0,0x0EC3E83E
6140,2,0x00003EBC,0,0xC52388EB
6150,1,0x00005EA4,0,0x3AE4BF93
6160,2,0x00003E18,0,0xC6F101DA
6170,3,0x00002DE4,0,0x415C10E6
6180,0,0x00004438,0,0x3340D0F5
6190,3,0x000073A8,0,0x45FFA9C3
6200,2,0x00000D5C,0,0x8401D0C2
6210,4,0x00001304,0,0xEB72A398
6220,1,0x00006718,0,0x4D03FAEF
6230,4,0x0000504C,0,0x655AD7C2
6240,0,0x00002848,0,0x35C00448
6250,1,0x000050C8,0,0x9367AFC1
6260,0,0x00007994,0,0x3C361788
6270,1,0x00000C78,0,0x1420B9C3
6280,1,0x00001A1C,0,0xA72E924E
6290,4,0x00007638,0,0x99BAC981
6300,3,0x000020E8,0,0x8E9C3754
6310,3,0x00003F08,0,0x4E139663
6320,4,0x00007BD4,0,0xBE37C788
6330,4,0x00000984,0,0x58DBAB9A
6340,0,0x00005D9C,0,0x07943E46
6350,0,0x00003834,0,0x4C14F7AF
6360,2,0x00006378,0,0x25CCC6E4
6370,4,0x00001B2C,0,0xE95AA560
6380,4,0x00004C58,0,0xAF8180AC
6390,3,0x000001B8,0,0x8F90F1E1
6400,1,0x00005174,0,0xF5A6B8C3
6410,1,0x00007D34,0,0x6DB54872
6420,4,0x00007D88,0,0xF7F36C38
6430,0,0x00000538,0,0xFCCA9C23
6440,3,0x00004108,0,0x3F5A017E
6450,1,0x0000418C,0,0xFCB4A17A
6460,0,0x00006734,0,0x8BE64829
6470,1,0x00000FBC,0,0x4957A011
6480,3,0x000048CC,0,0x1C117BB2
6490,3,0x00007288,0,0xFC1E33B2
6500,2,0x00005474,0,0xB6D7A9A3
6510,1,0x0000234C,0,0x0588A7A0
6520,3,0x00002898,0,0xF48A06AA
6530,1,0x0000570C,0,0xFA399474
6540,3,0x00004C24,0,0x075275AC
6550,4,0x0000392C,0,0x3C9A41B6
6560,2,0x00002D18,0,0x22B3452A
6570,3,0x00005BF4,0,0x8B74D92A
6580,3,0x00007B2C,0,0x5E133B54
6590,1,0x000040A4,0,0x4F0082C9
6600,1,0x00007DCC,0,0xC8AF8D5A
6610,2,0x00006ECC,0,0xE9430183
6620,0,0x00007548,0,0x135414F8
6630,3,0x00004B2C,0,0x10B25A03
6640,4,0x0000103C,0,0x2CEA6DFA
6650,4,0x0000280C,0,0xAC95B4ED
6660,2,0x00007B58,0,0x48531A5E
6670,1,0x00004EF4,0,0x1FF7743E
6680,0,0x00004594,0,0x54ADE7D6
6690,4,0x00005934,0,0x7D50E612
6700,3,0x000017F8,0,0xA51D11AB
6710,1,0x000033E8,0,0x020FAD84
6720,3,0x00001714,0,0xACF5468E
6730,4,0x00001DE4,0,0xC3160728
6740,0,0x00000B04,0,0x25160FC7
6750,2,0x00006A98,0,0x23AF7171
6760,3,0x000046D4,0,0x59F51F6E
6770,0,0x0000612C,0,0xBA58A319
6780,0,0x00007FC4,0,0x7C79EA84
6790,3,0x000035DC,0,0xEF1BF2FE
6800,1,0x000054A8,0,0xBA2F1440
6810,4,0x00001AF4,0,0xEED0109B
6820,2,0x00003228,0,0x84ED0A3C
6830,2,0x00005EFC,0,0xAAAF4A00
6840,1,0x00003A2C,0,0xE3E25CE8
6850,3,0x00007B9C,0,0x9A58A92A
6860,0,0x0000201C,0,0x5C24BD14
6870,3,0x00004058,0,0xBD58DD05
6880,1,0x000040B4,0,0xC65D1539
6890,3,0x0000784C,0,0x6D6D8858
6900,0,0x00004C6C,0,0xCD72E1C4
6910,2,0x000044C4,0,0x517E28DA
6920,2,0x00000414,0,0x5807EDE7
6930,4,0x00007A7C,0,0xCDF4D9AE
6940,2,0x00006534,0,0x51663080
6950,4,0x00003914,0,0x7F70EE2A
6960,4,0x0000494C,0,0x414047C3
6970,0,0x00004C9C,0,0x4AF9FAE0
6980,1,0x00000874,0,0x5A58D3FE
6990,2,0x0000439C,0,0x38FB7ED7
7000,3,0x0000597C,0,0xB4C2E869
7010,3,0x0000572C,0,0x88820DA1
7020,4,0x000014B8,0,0xA1672800
7030,3,0x00007EA4,0,0x633E28E2
7040,1,0x0000296C,0,0xE3AB82A1
7050,3,0x00006184,0,0xC4E0C3D7
7060,3,0x000068F4,0,0x76A5E494
7070,0,0x00001234,0,0x6DD18CFE
7080,3,0x00001FFC,0,0xBC7A2981
7090,1,0x00000FE4,0,0xC45DA2BC
7100,2,0x00001954,0,0x573764DB
7110,0,0x000048E8,0,0xD07DE920
7120,3,0x00004A98,0,0x19514999
7130,0,0x00000814,0,0x9D9DE99B
7140,4,0x0000659C,0,0x22B8D75F
7150,0,0x00006D9C,0,0x3927A660
7160,4,0x000074F8,0,0x7DCD56D1
7170,3,0x00002294,0,0x9DA3C337
7180,1,0x0000786C,0,0xAD0A9768
7190,3,0x00000FEC,0,0xAE5FEDD0
7200,4,0x00006754,0,0x27066EBC
7210,0,0x000017AC,0,0x6A761286
7220,3,0x000073FC,0,0xB845D426
7230,2,0x0000337C,0,0x5B077EC7
7240,0,0x00000258,0,0x3801295B
7250,0,0x00002338,0,0xD236FAD3
7260,1,0x00002F38,0,0xEA89E698
7270,0,0x0000082C,0,0x6465291A
7280,4,0x00001BB4,0,0xA8B14F67
7290,3,0x00002D68,0,0x33FB73DE
7300,4,0x00004CE4,0,0xCFC5B45C
7310,4,0x0000766C,0,0xE01D06D4
7320,1,0x00003B6C,0,0xF9A179D1
7330,4,0x0000171C,0,0x9B454545
7340,3,0x00006734,0,0x7E00C8EC
7350,3,0x00001964,0,0x6460E345
7360,4,0x00004FF4,0,0x5346D1C3
7370,1,0x00004A88,0,0x28785F6F
7380,3,0x00002BD4,0,0xC400B8C7
7390,2,0x0000065C,0,0xDE7929DA
7400,4,0x00004478,0,0x705CB0AC
7410,3,0x00003904,0,0x03EACE73
7420,0,0x000036D4,0,0x5C7886D6
7430,2,0x000051E8,0,0x4D3AA537
7440,2,0x00007194,0,0x83227748
7450,1,0x00002DDC,0,0xF35C1366
7460,2,0x00005CF8,0,0x961ABA02
7470,4,0x00007B6C,0,0x5246BD0E
7480,4,0x000034DC,0,0x5BA926EE
7490,2,0x000068A8,0,0xD205E9C3
7500,0,0x00000CEC,0,0xAC2D6EA6
7510,3,0x00003218,0,0x6F4C07EA
7520,3,0x00007F38,0,0xB5ED0A41
7530,0,0x00002F74,0,0x69EEFABC
7540,0,0x00005504,0,0x216D067F
7550,4,0x00000ED4,0,0x6FEF6A1E
7560,1,0x000018DC,0,0xE8B31B20
7570,0,0x00004F1C,0,0x61090EE4
7580,4,0x00005B38,0,0xD194DB35
7590,4,0x00002738,0,0xB0AFD368
7600,3,0x000021EC,0,0x120F7DFB
7610,2,0x000076B4,0,0xE15E8F53
7620,4,0x0000108C,0,0x9F422D3B
7630,3,0x00007214,0,0xCE8B28F0
7640,4,0x00002D18,0,0x7C8E136C
7650,0,0x00004DFC,0,0xF8CFA159
7660,2,0x0000577C,0,0xA57CB4AB
7670,0,0x00006008,0,0x2A8DF0D4
7680,3,0x000058F4,0,0xEE6F9400
7690,1,0x00007E2C,0,0x3CEED667
7700,3,0x0000696C,0,0x0D5050D2
7710,0,0x00002858,0,0x769F708A
7720,1,0x000011D4,0,0xDF791BF4
7730,3,0x00000D44,0,0x0BB02011
7740,2,0x00005F7C,0,0xF49270E7
7750,1,0x00005FE4,0,0x9E4CB726
7760,1,0x00006E54,0,0x63AB0F9D
7770,0,0x00002F7C,0,0xD94602E9
7780,0,0x00006A74,0,0x0733F6DD
7790,4,0x0000729C,0,0xCDAA501B
7800,0,0x00003388,0,0xAFF9BB36
7810,3,0x00002244,0,0x85B70ABF
7820,0,0x00006AA8,0,0x08E31D6A
7830,2,0x00004764,0,0xBEF10AF9
7840,1,0x00004054,0,0xA16D5AC5
7850,4,0x00003E3C,0,0x4EBC0CC3
7860,3,0x00007904,0,0x7EE9CA3F
7870,4,0x0000597C,0,0xF3787DFD
7880,3,0x0000554C,0,0xE17CB21E
7890,4,0x000013D4,0,0x213ABC6D
7900,1,0x00004B44,0,0x3FA37923
7910,1,0x00004144,0,0xD57ACCC2
7920,1,0x00006FA4,0,0x626CA881
7930,3,0x00006DA8,0,0x3A5057FA
7940,1,0x0000258C,0,0x675A87A1
7950,3,0x000076D4,0,0x8433FCFD
7960,4,0x0000144C,0,0xBCBA9155
7970,4,0x0000766C,0,0x16F9E623
7980,0,0x0000215C,0,0xCE5FE7C7
7990,0,0x0000422C,0,0xB7D40137
8000,4,0x00004CD4,0,0xD93E1649
8010,2,0x000048C8,0,0xFFBB0707
8020,1,0x00001138,0,0x57A3B839
8030,1,0x000020A8,0,0xD1EF95B4
8040,1,0x00004B7C,0,0xCFE43663
8050,3,0x00001688,0,0xD46E9344
8060,2,0x0000368C,0,0x9F522953
8070,3,0x00005D6C,0,0xF7F5A80A
8080,1,0x0000758C,0,0x27B255C5
8090,1,0x00001558,0,0xD5D28D38
8100,0,0x00000824,0,0x74EDF9C4
8110,3,0x00000788,0,0x53ADB68D
8120,2,0x00000AD8,0,0x1009EA26
8130,4,0x000017E4,0,0x25D2BFA8
8140,4,0x00004AFC,0,0x0AC45E77
8150,2,0x00001F3C,0,0xE411F2AD
8160,4,0x00006838,0,0x5759041C
8170,0,0x00004028,0,0x01418E7E
8180,2,0x00005EEC,0,0xFE7B9D08
8190,3,0x00006008,0,0xD9847D10
8200,0,0x00001214,0,0x704D5791
8210,3,0x00005A3C,0,0x6D7467B0
8220,3,0x0000149C,0,0x1301F536
8230,1,0x00004954,0,0x240EB435
8240,1,0x000071D4,0,0x40B01CFD
8250,2,0x00001674,0,0x46E21893
8260,2,0x00002D3C,0,0xE548F74A
8270,2,0x00000C74,0,0x4AF476AC
8280,4,0x00003B34,0,0x5F8923C1
8290,4,0x00003EA8,0,0x93B4A7BF
8300,0,0x00003E68,0,0xC2BD7D7A
8310,2,0x00004F18,0,0x5226E84E
8320,4,0x0000444C,0,0xA89C30EA
8330,1,0x000029CC,0,0x61B9CEAA
8340,3,0x000025E4,0,0xDF62B7A0
8350,3,0x00007764,0,0x077E9FF3
8360,2,0x000071EC,0,0xAACC4083
8370,0,0x00004E4C,0,0xF19901EB
8380,2,0x000017AC,0,0x4B9CCF42
8390,2,0x00001478,0,0xA667F5A4
8400,2,0x00001054,0,0xFDF3649D
8410,2,0x000076B8,0,0xD67534E2
8420,4,0x00006048,0,0xEC2C1E4F
8430,4,0x00006394,0,0x6D3A5585
8440,2,0x0000444C,0,0x414D6506
8450,3,0x00005544,0,0x3C9EDFE8
8460,1,0x00006804,0,0x59447EB8
8470,2,0x000025A8,0,0x76D3C846
8480,2,0x00004A3C,0,0xDBD5C7CE
8490,0,0x00001D1C,0,0xD2C49292
8500,3,0x00001798,0,0x5C7D7416
8510,0,0x000046C8,0,0x03A2334E
8520,3,0x000050C8,0,0x9D446F22
8530,3,0x000037CC,0,0xD23D834B
8540,2,0x000036BC,0,0x856DED1C
8550,2,0x000055F8,0,0x6696E597
8560,4,0x00006C54,0,0x2248BB29
8570,4,0x00003D4C,0,0x8CDABA77
8580,4,0x00001AEC,0,0xA9ABC448
8590,0,0x000006C8,0,0x45AEC929
8600,4,0x00004E48,0,0x1687D232
8610,1,0x00007D54,0,0xB60AADA6
8620,3,0x00005468,0,0x0C26E95A
8630,0,0x0000005C,0,0x7EEF3547
8640,2,0x000073E4,0,0xA0543E9F
8650,4,0x00004648,0,0xF9993B7D
8660,1,0x00005144,0,0x4A98BE3B
8670,4,0x000059A4,0,0xDCBFC613
8680,1,0x000020AC,0,0xBE14DA49
8690,4,0x000010E4,0,0xFC054D6E
8700,4,0x0000412C,0,0xA6BBAF11
8710,4,0x0000766C,0,0x4BC57127
8720,1,0x0000528C,0,0xAEDCFCF9
8730,0,0x0000650C,0,0xA39D0B07
8740,4,0x00001B64,0,0x82A82238
8750,4,0x00006D94,0,0xA71164E3
8760,2,0x00007808,0,0x36F51192
8770,4,0x000047BC,0,0x0F551DE0
8780,0,0x00001D4C,0,0x4BB2A300
8790,1,0x00001854,0,0x5F543EF5
8800,1,0x00002AF4,0,0xBD44E6B1
8810,4,0x00001A28,0,0x7285F308
8820,2,0x0000254C,0,0x30DC77AC
8830,2,0x0000779C,0,0x91FBDA44
8840,1,0x00004494,0,0x6FADC9F2
8850,0,0x00005548,0,0x2A3440EB
8860,1,0x000070BC,0,0x19C3DDDA
8870,3,0x00006FB8,0,0x8EA2ACA2
8880,1,0x00000FF8,0,0x8BAEAE90
8890,0,0x00002D14,0,0xDA4DDF3F
8900,3,0x00006CEC,0,0xBF834AE3
8910,2,0x00004718,0,0x807FEEE8
8920,0,0x00006A78,0,0x7E3EE2F2
8930,4,0x00002188,0,0xFE3FCD1F
8940,3,0x00000908,0,0x7863F4A0
8950,0,0x000004A8,0,0xD5747430
8960,2,0x00007524,0,0x89BA0D9A
8970,0,0x000055D4,0,0x22F7A34A
8980,2,0x00004BA8,0,0x3FD4E451
8990,1,0x00000ED8,0,0xE3880C42
9000,3,0x00005BB8,0,0x2F57F44F
9010,3,0x00000344,0,0x03CC1D2E
9020,0,0x000041A8,0,0x5165364B
9030,1,0x000005D8,0,0x8F99D77E
9040,1,0x00005B1C,0,0xAF8B6E5A
9050,2,0x0000208C,0,0xD8E759D2
9060,1,0x000049BC,0,0xFCFC10A4
9070,4,0x000026B8,0,0xE56845A7
9080,1,0x000010D4,0,0xD886CF9F
9090,3,0x000005EC,0,0xF3A3860E
9100,1,0x0000164C,0,0x18ACB63C
9110,3,0x0000207C,0,0x58D9E246
9120,4,0x000031E8,0,0x9246D723
9130,3,0x000014FC,0,0x01AD7FFA
9140,1,0x00006188,0,0x86CC56E2
9150,0,0x00002518,0,0xFC8C8F5E
9160,2,0x00003A9C,0,0xAE69CEB8
9170,1,0x00006694,0,0x4B158BC4
9180,3,0x0000673C,0,0x350782C9
9190,4,0x00001A64,0,0xCF5F53BE
9200,4,0x00004AC4,0,0x8CD3DA86
9210,4,0x00000CD8,0,0x2B371F9F
9220,3,0x000024F4,0,0x052D359F
9230,4,0x00001A1C,0,0x6CDFB893
9240,0,0x00001B2C,0,0xA93BFFA1
9250,1,0x00003D44,0,0xD88D0326
9260,1,0x000026CC,0,0x0C2AF126
9270,3,0x00006B78,0,0x65EA6261
9280,2,0x00000C64,0,0xC702EC18
9290,3,0x00003D44,0,0x20A684EB
9300,3,0x000016C4,0,0xB5C42571
9310,0,0x0000768C,0,0xE88C82A3
9320,1,0x00001438,0,0x54879C34
9330,1,0x00004FE8,0,0xA1C076B9
9340,0,0x00005484,0,0x8F2164FD
9350,2,0x000033D8,0,0xE886F483
9360,3,0x000018E8,0,0x191AC055
9370,4,0x000025C8,0,0x019EE2F9
9380,0,0x00006378,0,0x02CBCEBE
9390,0,0x000030E8,0,0x8E13360B
9400,3,0x0000389C,0,0x7E32A572
9410,3,0x00007A14,0,0xDEA59025
9420,3,0x00002FEC,0,0x01F50006
9430,2,0x000024DC,0,0xA2A9A0F2
9440,1,0x0000083C,0,0x1BC13E89
9450,1,0x00003828,0,0x7CC02538
9460,3,0x000010DC,0,0x75AC5700
9470,3,0x0000017C,0,0x63246AA7
9480,1,0x00005F38,0,0xB1688B26
9490,0,0x00001874,0,0xEE2FD270
9500,0,0x00006C84,0,0xD77F324E
9510,4,0x00000BF4,0,0x1108F5ED
9520,4,0x00005F14,0,0x6BD3D9F7
9530,2,0x00004114,0,0x31B18176
9540,0,0x00005174,0,0x727ABB75
9550,3,0x000013E4,0,0xCC1C5FF0
9560,2,0x0000081C,0,0x383B9E64
9570,4,0x00001D24,0,0x9F44DDF6
9580,2,0x000049FC,0,0xB1CA91F4
9590,1,0x00007ABC,0,0x9DB45E7E
9600,4,0x00001C8C,0,0xF46DB221
9610,0,0x00002DF4,0,0x64909C63
9620,2,0x00002CAC,0,0xAD498DF9
9630,4,0x00001C8C,0,0x91687C0D
9640,3,0x000075CC,0,0x1400944C
9650,2,0x00006178,0,0x0B6F3D9F
9660,2,0x00001114,0,0xB1D7A822
9670,0,0x00007AAC,0,0xBBB2A939
9680,4,0x00000A44,0,0x6B9E3904
9690,3,0x00003C5C,0,0xBEB0346B
9700,4,0x00000524,0,0xB4C7AE86
9710,4,0x000068A8,0,0x7E309A07
9720,0,0x00002A68,0,0x27C466DB
9730,0,0x00004798,0,0xE7AB1303
9740,1,0x00007C3C,0,0x350FE798
9750,0,0x00007F4C,0,0xDF98E459
9760,1,0x00007D58,0,0x5A8AB8D9
9770,3,0x00001084,0,0x30B125F5
9780,4,0x00005A18,0,0x4C9C2FF7
9790,3,0x00000A58,0,0xC8C3D116
9800,0,0x00007964,0,0xAE86EF1F
9810,3,0x00007304,0,0x62CBE7C6
9820,1,0x00006BBC,0,0xF78CF2F0
9830,4,0x00007864,0,0xDEFB109E
9840,4,0x00000E68,0,0x76F5340D
9850,3,0x00002CF8,0,0x2CACDA46
9860,1,0x00004C3C,0,0x9729E235
9870,3,0x00000B64,0,0x98E187D2
9880,2,0x00002924,0,0x642B932F
9890,0,0x00005CA4,0,0x4FDE0CD3
9900,2,0x00007D18,0,0x59D70262
9910,2,0x000021B8,0,0xA4FEC283
9920,1,0x000020F4,0,0xBF402E55
9930,0,0x00006238,0,0x01DB34C5
9940,1,0x00001754,0,0x1D46B1A7
9950,2,0x00002A14,0,0x394A3981
9960,4,0x00005724,0,0xB01C37D6
9970,3,0x0000555C,0,0xB555E22A
9980,3,0x000058C8,0,0x32F6BDDC
9990,0,0x00003D98,0,0x1E8F8D58
10000,3,0x000026CC,0,0x5FAB90B6
10010,2,0x00004F48,0,0x227DFDB7
10020,2,0x00006EE8,0,0x1A29167A
10030,1,0x00005B88,0,0xE196D549
10040,3,0x000070E8,0,0x7D94EE4E
