2,257,1,0,129,0x00000000,0x00000000
6,1385,0,129,0,0x00000000,0x00000000
12,258,1,1,129,0x00000000,0x00000000
16,1386,0,129,1,0x00000000,0x00000000
22,259,1,2,129,0x00000000,0x00000000
26,1387,0,129,2,0x00000000,0x00000000
32,260,1,3,129,0x00000000,0x00000000
36,1388,0,129,3,0x00000000,0x00000000
42,261,1,4,129,0x00000000,0x00000000
46,1389,0,129,4,0x00000000,0x00000000
52,262,1,5,129,0x00000000,0x00000000
56,1390,0,129,5,0x00000000,0x00000000
62,263,1,6,129,0x00000000,0x00000000
66,1391,0,129,6,0x00000000,0x00000000
72,264,1,7,129,0x00000000,0x00000000
76,1392,0,129,7,0x00000000,0x00000000
82,265,1,8,129,0x00000000,0x00000000
86,1393,0,129,8,0x00000000,0x00000000
92,266,1,9,129,0x00000000,0x00000000
96,1394,0,129,9,0x00000000,0x00000000
102,267,1,10,129,0x00000000,0x00000000
106,1395,0,129,10,0x00000000,0x00000000
112,268,1,11,129,0x00000000,0x00000000
116,1396,0,129,11,0x00000000,0x00000000
122,269,1,12,129,0x00000000,0x00000000
126,1397,0,129,12,0x00000000,0x00000000
132,270,1,13,129,0x00000000,0x00000000
136,1398,0,129,13,0x00000000,0x00000000
142,271,1,14,129,0x00000000,0x00000000
146,1399,0,129,14,0x00000000,0x00000000
152,272,1,15,129,0x00000000,0x00000000
156,1400,0,129,15,0x00000000,0x00000000
162,273,1,16,129,0x00000000,0x00000000
166,1401,0,129,16,0x00000000,0x00000000
172,274,1,17,129,0x00000000,0x00000000
176,1402,0,129,17,0x00000000,0x00000000
182,275,1,18,129,0x00000000,0x00000000
186,1403,0,129,18,0x00000000,0x00000000
192,276,1,19,129,0x00000000,0x00000000
196,1404,0,129,19,0x00000000,0x00000000
202,277,1,20,129,0x00000000,0x00000000
206,1405,0,129,20,0x00000000,0x00000000
212,278,1,21,129,0x00000000,0x00000000
216,1406,0,129,21,0x00000000,0x00000000
222,279,1,22,129,0x00000000,0x00000000
226,1407,0,129,22,0x00000000,0x00000000
232,280,1,23,129,0x00000000,0x00000000
236,1408,0,129,23,0x00000000,0x00000000
242,281,1,24,129,0x00000000,0x00000000
246,1409,0,129,24,0x00000000,0x00000000
252,282,1,25,129,0x00000000,0x00000000
256,1410,0,129,25,0x00000000,0x00000000
262,283,1,26,129,0x00000000,0x00000000
266,1411,0,129,26,0x00000000,0x00000000
272,284,1,27,129,0x00000000,0x00000000
276,1412,0,129,27,0x00000000,0x00000000
282,285,1,28,129,0x00000000,0x00000000
286,1413,0,129,28,0x00000000,0x00000000
292,286,1,29,129,0x00000000,0x00000000
296,1414,0,129,29,0x00000000,0x00000000
302,287,1,30,129,0x00000000,0x00000000
306,1415,0,129,30,0x00000000,0x00000000
312,288,1,31,129,0x00000000,0x00000000
316,1416,0,129,31,0x00000000,0x00000000
322,289,1,32,129,0x00000000,0x00000000
326,1417,0,129,32,0x00000000,0x00000000
332,290,1,33,129,0x00000000,0x00000000
336,1418,0,129,33,0x00000000,0x00000000
342,291,1,34,129,0x00000000,0x00000000
346,1419,0,129,34,0x00000000,0x00000000
352,292,1,35,129,0x00000000,0x00000000
356,1420,0,129,35,0x00000000,0x00000000
362,293,1,36,129,0x00000000,0x00000000
366,1421,0,129,36,0x00000000,0x00000000
372,294,1,37,129,0x00000000,0x00000000
376,1422,0,129,37,0x00000000,0x00000000
382,295,1,38,129,0x00000000,0x00000000
386,1423,0,129,38,0x00000000,0x00000000
392,296,1,39,129,0x00000000,0x00000000
396,1424,0,129,39,0x00000000,0x00000000
402,297,1,40,129,0x00000000,0x00000000
406,1425,0,129,40,0x00000000,0x00000000
412,298,1,41,129,0x00000000,0x00000000
416,1426,0,129,41,0x00000000,0x00000000
422,299,1,42,129,0x00000000,0x00000000
426,1427,0,129,42,0x00000000,0x00000000
432,300,1,43,129,0x00000000,0x00000000
436,1428,0,129,43,0x00000000,0x00000000
442,301,1,44,129,0x00000000,0x00000000
446,1429,0,129,44,0x00000000,0x00000000
452,302,1,45,129,0x00000000,0x00000000
456,1430,0,129,45,0x00000000,0x00000000
462,303,1,46,129,0x00000000,0x00000000
466,1431,0,129,46,0x00000000,0x00000000
472,304,1,47,129,0x00000000,0x00000000
476,1432,0,129,47,0x00000000,0x00000000
482,305,1,48,129,0x00000000,0x00000000
486,1433,0,129,48,0x00000000,0x00000000
492,306,1,49,129,0x00000000,0x00000000
496,1434,0,129,49,0x00000000,0x00000000
502,307,1,50,129,0x00000000,0x00000000
506,1435,0,129,50,0x00000000,0x00000000
512,308,1,51,129,0x00000000,0x00000000
516,1436,0,129,51,0x00000000,0x00000000
522,309,1,52,129,0x00000000,0x00000000
526,1437,0,129,52,0x00000000,0x00000000
532,310,1,53,129,0x00000000,0x00000000
536,1438,0,129,53,0x00000000,0x00000000
542,311,1,54,129,0x00000000,0x00000000
546,1439,0,129,54,0x00000000,0x00000000
552,312,1,55,129,0x00000000,0x00000000
556,1440,0,129,55,0x00000000,0x00000000
562,313,1,56,129,0x00000000,0x00000000
566,1441,0,129,56,0x00000000,0x00000000
572,314,1,57,129,0x00000000,0x00000000
576,1442,0,129,57,0x00000000,0x00000000
582,315,1,58,129,0x00000000,0x00000000
586,1443,0,129,58,0x00000000,0x00000000
592,316,1,59,129,0x00000000,0x00000000
596,1444,0,129,59,0x00000000,0x00000000
602,317,1,60,129,0x00000000,0x00000000
606,1445,0,129,60,0x00000000,0x00000000
612,318,1,61,129,0x00000000,0x00000000
616,1446,0,129,61,0x00000000,0x00000000
622,319,1,62,129,0x00000000,0x00000000
626,1447,0,129,62,0x00000000,0x00000000
632,320,1,63,129,0x00000000,0x00000000
636,1448,0,129,63,0x00000000,0x00000000
642,321,1,64,129,0x00000000,0x00000000
646,1449,0,129,64,0x00000000,0x00000000
652,322,1,65,129,0x00000000,0x00000000
656,1450,0,129,65,0x00000000,0x00000000
662,323,1,66,129,0x00000000,0x00000000
666,1451,0,129,66,0x00000000,0x00000000
672,324,1,67,129,0x00000000,0x00000000
676,1452,0,129,67,0x00000000,0x00000000
682,325,1,68,129,0x00000000,0x00000000
686,1453,0,129,68,0x00000000,0x00000000
692,326,1,69,129,0x00000000,0x00000000
696,1454,0,129,69,0x00000000,0x00000000
702,327,1,70,129,0x00000000,0x00000000
706,1455,0,129,70,0x00000000,0x00000000
712,328,1,71,129,0x00000000,0x00000000
716,1456,0,129,71,0x00000000,0x00000000
722,329,1,72,129,0x00000000,0x00000000
726,1457,0,129,72,0x00000000,0x00000000
732,330,1,73,129,0x00000000,0x00000000
736,1458,0,129,73,0x00000000,0x00000000
742,331,1,74,129,0x00000000,0x00000000
746,1459,0,129,74,0x00000000,0x00000000
752,332,1,75,129,0x00000000,0x00000000
756,1460,0,129,75,0x00000000,0x00000000
762,333,1,76,129,0x00000000,0x00000000
766,1461,0,129,76,0x00000000,0x00000000
772,334,1,77,129,0x00000000,0x00000000
776,1462,0,129,77,0x00000000,0x00000000
782,335,1,78,129,0x00000000,0x00000000
786,1463,0,129,78,0x00000000,0x00000000
792,336,1,79,129,0x00000000,0x00000000
796,1464,0,129,79,0x00000000,0x00000000
802,337,1,80,129,0x00000000,0x00000000
806,1465,0,129,80,0x00000000,0x00000000
812,338,1,81,129,0x00000000,0x00000000
816,1466,0,129,81,0x00000000,0x00000000
822,339,1,82,129,0x00000000,0x00000000
826,1467,0,129,82,0x00000000,0x00000000
832,340,1,83,129,0x00000000,0x00000000
836,1468,0,129,83,0x00000000,0x00000000
842,341,1,84,129,0x00000000,0x00000000
846,1469,0,129,84,0x00000000,0x00000000
852,342,1,85,129,0x00000000,0x00000000
856,1470,0,129,85,0x00000000,0x00000000
862,343,1,86,129,0x00000000,0x00000000
866,1471,0,129,86,0x00000000,0x00000000
872,344,1,87,129,0x00000000,0x00000000
876,1472,0,129,87,0x00000000,0x00000000
882,345,1,88,129,0x00000000,0x00000000
886,1473,0,129,88,0x00000000,0x00000000
892,346,1,89,129,0x00000000,0x00000000
896,1474,0,129,89,0x00000000,0x00000000
902,347,1,90,129,0x00000000,0x00000000
906,1475,0,129,90,0x00000000,0x00000000
912,348,1,91,129,0x00000000,0x00000000
916,1476,0,129,91,0x00000000,0x00000000
922,349,1,92,129,0x00000000,0x00000000
926,1477,0,129,92,0x00000000,0x00000000
932,350,1,93,129,0x00000000,0x00000000
936,1478,0,129,93,0x00000000,0x00000000
942,351,1,94,129,0x00000000,0x00000000
946,1479,0,129,94,0x00000000,0x00000000
952,352,1,95,129,0x00000000,0x00000000
956,1480,0,129,95,0x00000000,0x00000000
962,353,1,96,129,0x00000000,0x00000000
966,1481,0,129,96,0x00000000,0x00000000
972,354,1,97,129,0x00000000,0x00000000
976,1482,0,129,97,0x00000000,0x00000000
982,355,1,98,129,0x00000000,0x00000000
986,1483,0,129,98,0x00000000,0x00000000
992,356,1,99,129,0x00000000,0x00000000
996,1484,0,129,99,0x00000000,0x00000000
1002,357,1,100,129,0x00000000,0x00000000
1006,1485,0,129,100,0x00000000,0x00000000
1012,358,1,101,129,0x00000000,0x00000000
1016,1486,0,129,101,0x00000000,0x00000000
1022,359,1,102,129,0x00000000,0x00000000
1026,1487,0,129,102,0x00000000,0x00000000
1032,360,1,103,129,0x00000000,0x00000000
1036,1488,0,129,103,0x00000000,0x00000000
10